ID,y
5760,123.41666793823242
5761,110.3333346048991
5762,83.50000127156576
5763,59.66666666666667
5764,34.0
5765,38.75000063578288
5766,73.41666666666667
5767,138.08333587646484
5768,275.83333333333337
5769,181.33333333333334
5770,154.9166692097982
5771,185.1666692097982
5772,247.41666666666669
5773,255.4166717529297
5774,335.4166692097982
5775,366.83333333333337
5776,382.75001017252606
5777,449.9166717529297
5778,601.9166717529297
5779,385.9166717529297
5780,329.3333384195964
5781,303.6666692097982
5782,278.25
5783,219.75000508626303
5784,204.08333841959637
5785,196.58333333333334
5786,159.5
5787,109.33333587646484
5788,67.33333396911621
5789,57.41666793823242
5790,103.5833346048991
5791,157.9166692097982
5792,209.58333333333334
5793,201.83333333333334
5794,222.83333333333334
5795,258.4166666666667
5796,296.00000508626306
5797,293.33333587646484
5798,307.08333587646484
5799,309.75000254313153
5800,295.75000508626306
5801,301.50000254313153
5802,292.1666717529297
5803,297.9166666666667
5804,332.25000508626306
5805,340.08333333333337
5806,326.1666666666667
5807,264.58333333333337
5808,348.75
5809,312.25000254313153
5810,233.58333333333334
5811,160.66666666666669
5812,98.8333346048991
5813,72.58333396911621
5814,115.33333333333334
5815,161.4166692097982
5816,230.41666666666669
5817,275.6666666666667
5818,237.50000254313153
5819,323.1666692097982
5820,397.8333435058594
5821,419.75001017252606
5822,429.75
5823,419.33333333333337
5824,385.4166692097982
5825,417.6666692097982
5826,348.5833384195964
5827,380.00000254313153
5828,343.08333333333337
5829,359.25000508626306
5830,337.6666717529297
5831,296.6666692097982
5832,288.0
5833,236.58333587646484
5834,168.00000508626303
5835,115.0833346048991
5836,68.33333396911621
5837,38.91666666666667
5838,35.75000031789144
5839,22.41666682561239
5840,10.083333333333334
5841,7.5
5842,27.583333333333336
5843,25.416667302449547
5844,49.33333460489909
5845,85.75000127156576
5846,28.25000063578288
5847,38.583333333333336
5848,96.41666920979819
5849,81.91666793823242
5850,80.25000127156576
5851,121.91666666666667
5852,128.0833346048991
5853,161.4166692097982
5854,146.33333587646484
5855,132.0
5856,178.6666692097982
5857,155.58333587646484
5858,118.41666920979819
5859,78.00000063578288
5860,58.33333460489909
5861,54.66666793823242
5862,103.66666920979819
5863,133.58333587646484
5864,181.9166692097982
5865,156.3333346048991
5866,177.83333333333334
5867,213.33333841959637
5868,253.33333333333334
5869,279.1666692097982
5870,290.33333587646484
5871,304.0
5872,285.83333333333337
5873,273.58333333333337
5874,291.25000508626306
5875,262.58333587646484
5876,276.0
5877,272.75000508626306
5878,257.50000508626306
5879,194.83333587646484
5880,208.33333841959637
5881,184.8333346048991
5882,146.0833346048991
5883,88.75000063578288
5884,63.50000127156576
5885,78.91666793823242
5886,163.25000254313153
5887,353.58333587646484
5888,649.0
5889,368.6666666666667
5890,235.66666666666669
5891,243.16666666666669
5892,270.75000508626306
5893,268.33333587646484
5894,298.5833384195964
5895,315.58333333333337
5896,316.1666692097982
5897,392.8333384195964
5898,531.5000050862631
5899,319.8333384195964
5900,249.25
5901,245.4166717529297
5902,229.41666666666669
5903,182.83333587646484
5904,165.41666793823242
5905,141.16666793823242
5906,110.75000127156576
5907,68.08333396911621
5908,49.41666666666667
5909,60.16666793823242
5910,126.5833346048991
5911,282.75
5912,548.9166768391927
5913,309.4166717529297
5914,205.5
5915,206.25000254313153
5916,221.9166717529297
5917,235.75000254313153
5918,263.8333384195964
5919,304.1666692097982
5920,300.4166717529297
5921,364.00000254313153
5922,523.0
5923,337.25000254313153
5924,268.1666692097982
5925,265.9166666666667
5926,262.4166717529297
5927,204.1666692097982
5928,179.50000127156576
5929,148.75000254313153
5930,111.41666666666667
5931,71.08333396911621
5932,51.66666793823242
5933,58.33333460489909
5934,128.75000254313153
5935,278.00000508626306
5936,534.1666717529297
5937,327.25000254313153
5938,246.33333841959637
5939,285.6666717529297
5940,312.25000254313153
5941,310.6666692097982
5942,308.1666717529297
5943,333.1666717529297
5944,337.75
5945,456.75001017252606
5946,640.25
5947,421.91667683919275
5948,345.75000508626306
5949,356.1666666666667
5950,308.1666692097982
5951,257.75000254313153
5952,275.58333333333337
5953,221.50000254313153
5954,169.41666793823242
5955,111.75000127156576
5956,74.91666730244955
5957,79.75
5958,159.75000127156576
5959,351.75000254313153
5960,619.5
5961,366.50000254313153
5962,261.6666666666667
5963,296.1666666666667
5964,354.8333384195964
5965,356.4166717529297
5966,366.6666692097982
5967,380.75000508626306
5968,391.41667683919275
5969,456.75000508626306
5970,639.5833435058594
5971,403.9166666666667
5972,312.1666717529297
5973,319.33333587646484
5974,319.58333587646484
5975,258.1666692097982
5976,305.8333384195964
5977,302.5833384195964
5978,237.08333333333334
5979,160.91666666666669
5980,104.16666920979819
5981,67.91666730244955
5982,94.00000063578288
5983,143.0833346048991
5984,206.83333587646484
5985,229.83333587646484
5986,213.83333587646484
5987,265.6666666666667
5988,305.83333587646484
5989,309.9166692097982
5990,312.50000254313153
5991,309.75000508626306
5992,300.4166692097982
5993,185.8333346048991
5994,92.66666793823242
5995,131.83333333333334
5996,95.33333333333334
5997,80.91666666666667
5998,96.33333333333334
5999,42.50000031789144
6000,60.91666793823242
6001,68.50000063578288
6002,72.08333333333334
6003,57.75
6004,45.833333333333336
6005,32.166666984558105
6006,37.75
6007,50.33333365122478
6008,72.91666730244955
6009,113.00000127156576
6010,132.58333333333334
6011,183.1666692097982
6012,183.91666666666669
6013,263.3333384195964
6014,256.0
6015,249.9166717529297
6016,242.91666666666669
6017,230.50000508626303
6018,197.83333333333334
6019,174.83333333333334
6020,164.08333333333334
6021,166.91666793823242
6022,166.5
6023,122.08333587646484
6024,185.1666692097982
6025,152.91666666666669
6026,128.0
6027,86.50000063578288
6028,55.66666730244955
6029,37.25
6030,53.0
6031,79.41666793823242
6032,124.0
6033,150.6666692097982
6034,134.08333587646484
6035,266.3333384195964
6036,277.83333587646484
6037,354.50000254313153
6038,376.75
6039,368.75
6040,318.0833384195964
6041,312.08333333333337
6042,269.9166692097982
6043,229.75
6044,196.3333346048991
6045,191.83333333333334
6046,183.08333841959637
6047,154.25000127156576
6048,150.75000127156576
6049,112.75
6050,79.66666666666667
6051,49.833333333333336
6052,39.83333396911621
6053,58.16666730244955
6054,136.5833346048991
6055,308.25000254313153
6056,571.3333384195964
6057,360.33333587646484
6058,254.00000254313153
6059,243.75
6060,284.5833384195964
6061,249.08333333333334
6062,268.1666717529297
6063,223.33333841959637
6064,165.6666692097982
6065,59.75000127156576
6066,157.25000254313153
6067,177.25000127156576
6068,179.75000127156576
6069,176.91666793823242
6070,189.0833346048991
6071,125.8333346048991
6072,113.66666920979819
6073,100.16666666666667
6074,72.83333333333334
6075,44.583333333333336
6076,27.833333333333336
6077,39.083333333333336
6078,86.66666793823242
6079,178.75000254313153
6080,335.25000254313153
6081,182.25
6082,120.5833346048991
6083,126.66666666666667
6084,141.50000254313153
6085,140.25000254313153
6086,148.91666793823242
6087,156.33333587646484
6088,159.16666666666669
6089,235.33333333333334
6090,368.0
6091,222.25
6092,171.83333333333334
6093,169.1666692097982
6094,145.25
6095,111.08333333333334
6096,90.00000063578288
6097,77.08333396911621
6098,59.75000127156576
6099,39.916666984558105
6100,26.0
6101,36.08333365122478
6102,78.83333396911621
6103,174.66666666666669
6104,337.5
6105,188.1666717529297
6106,119.16666793823242
6107,129.91666666666669
6108,142.58333587646484
6109,140.16666666666669
6110,144.8333346048991
6111,153.75000127156576
6112,156.75000254313153
6113,216.00000508626303
6114,346.8333384195964
6115,219.83333841959637
6116,167.08333333333334
6117,163.33333587646484
6118,149.16666666666669
6119,117.75000254313152
6120,102.50000254313152
6121,91.50000127156576
6122,69.25000063578288
6123,45.5
6124,27.333333651224773
6125,36.33333396911621
6126,78.75000127156576
6127,170.41666793823242
6128,341.9166692097982
6129,185.66666666666669
6130,118.3333346048991
6131,130.75000127156576
6132,144.83333333333334
6133,144.33333333333334
6134,150.50000127156576
6135,166.3333346048991
6136,161.33333333333334
6137,216.25000254313153
6138,336.50000508626306
6139,214.25000508626303
6140,167.58333333333334
6141,168.66666793823242
6142,152.5
6143,121.50000254313152
6144,103.25000127156576
6145,90.5833346048991
6146,69.08333333333334
6147,47.75
6148,31.833333651224773
6149,38.33333365122478
6150,80.58333333333334
6151,176.16666793823242
6152,335.4166692097982
6153,199.4166717529297
6154,126.33333587646484
6155,138.16666666666669
6156,154.08333587646484
6157,151.75000127156576
6158,153.66666666666669
6159,153.50000254313153
6160,164.5
6161,233.91666666666669
6162,357.0
6163,217.5
6164,164.16666793823242
6165,164.83333587646484
6166,152.25000127156576
6167,125.66666793823242
6168,111.25
6169,106.08333587646484
6170,81.66666666666667
6171,54.75000063578288
6172,32.833333333333336
6173,28.25000063578288
6174,42.83333365122478
6175,68.41666793823242
6176,100.33333333333334
6177,119.08333333333334
6178,108.66666920979819
6179,159.33333587646484
6180,178.5
6181,191.5
6182,210.1666717529297
6183,236.6666717529297
6184,213.5
6185,198.4166692097982
6186,192.66666793823242
6187,160.83333587646484
6188,139.3333346048991
6189,145.75000254313153
6190,143.50000127156576
6191,116.08333587646484
6192,127.5
6193,125.75000254313152
6194,93.58333333333334
6195,56.33333460489909
6196,32.25
6197,24.50000063578288
6198,35.666666984558105
6199,56.0
6200,92.83333333333334
6201,117.33333587646484
6202,120.83333587646484
6203,160.75000254313153
6204,211.33333587646484
6205,203.50000254313153
6206,207.75000508626303
6207,175.83333841959637
6208,170.33333333333334
6209,172.91666666666669
6210,148.5833346048991
6211,125.83333587646484
6212,106.33333333333334
6213,108.91666920979819
6214,95.66666793823242
6215,79.0833346048991
6216,101.41666920979819
6217,72.83333333333334
6218,51.00000063578288
6219,29.583333333333336
6220,24.5
6221,37.5
6222,93.08333396911621
6223,214.41666666666669
6224,428.0833384195964
6225,220.00000254313153
6226,134.0
6227,144.5
6228,159.25000127156576
6229,169.25000254313153
6230,169.9166692097982
6231,180.5
6232,189.50000127156576
6233,271.6666692097982
6234,435.50001017252606
6235,266.5
6236,202.1666692097982
6237,186.16666666666669
6238,169.25000127156576
6239,131.25000127156576
6240,106.83333333333334
6241,94.83333396911621
6242,71.16666793823242
6243,44.66666730244955
6244,31.50000063578288
6245,38.916666984558105
6246,96.08333333333334
6247,218.41666666666669
6248,463.5
6249,264.75000508626306
6250,144.50000254313153
6251,181.41666793823242
6252,237.08333587646484
6253,240.9166692097982
6254,246.4166717529297
6255,230.91666666666669
6256,225.25000508626303
6257,76.0833346048991
6258,90.50000063578288
6259,70.58333396911621
6260,39.50000031789144
6261,62.00000063578288
6262,130.33333587646484
6263,104.0833346048991
6264,96.75000254313152
6265,82.00000127156576
6266,61.25
6267,39.0
6268,24.416666666666668
6269,31.166666984558105
6270,70.91666793823242
6271,146.83333587646484
6272,310.5
6273,180.5
6274,128.25
6275,137.66666666666669
6276,158.25
6277,151.25
6278,181.0833346048991
6279,196.41666666666669
6280,222.25
6281,285.6666666666667
6282,499.1666666666667
6283,310.75000508626306
6284,267.25000254313153
6285,260.0833384195964
6286,218.83333587646484
6287,151.1666692097982
6288,156.75000254313153
6289,134.5
6290,103.25000127156576
6291,62.00000063578288
6292,43.75000031789144
6293,51.833333333333336
6294,120.0833346048991
6295,264.50000508626306
6296,501.1666666666667
6297,262.4166666666667
6298,196.50000254313153
6299,245.58333841959637
6300,281.25000254313153
6301,314.25000508626306
6302,357.08333333333337
6303,372.08333587646484
6304,379.83333333333337
6305,489.6666717529297
6306,630.25
6307,373.6666666666667
6308,296.0
6309,294.50000254313153
6310,271.25000254313153
6311,202.6666692097982
6312,157.9166692097982
6313,145.4166692097982
6314,119.66666920979819
6315,75.50000127156576
6316,51.83333396911621
6317,59.16666793823242
6318,129.33333587646484
6319,303.33333587646484
6320,598.5833333333334
6321,341.58333587646484
6322,265.25000254313153
6323,284.6666692097982
6324,330.33333587646484
6325,352.3333384195964
6326,354.83333333333337
6327,377.75000254313153
6328,378.3333435058594
6329,442.0833435058594
6330,636.0
6331,433.6666717529297
6332,348.4166692097982
6333,346.6666666666667
6334,322.75
6335,129.00000254313153
6336,90.66666793823242
6337,71.75
6338,31.33333396911621
6339,29.50000063578288
6340,23.833333651224773
6341,22.166666666666668
6342,35.33333365122478
6343,69.5833346048991
6344,182.25000127156576
6345,131.5833346048991
6346,124.0
6347,167.4166692097982
6348,289.5833384195964
6349,407.25
6350,373.00000508626306
6351,365.33333333333337
6352,315.6666666666667
6353,382.0
6354,581.6666666666667
6355,341.0833384195964
6356,240.0
6357,220.83333841959637
6358,242.08333841959637
6359,219.91666666666669
6360,218.50000254313153
6361,200.08333587646484
6362,156.25
6363,102.41666793823242
6364,60.75000127156576
6365,48.91666666666667
6366,75.3333346048991
6367,110.16666666666667
6368,211.25000508626303
6369,240.75000254313153
6370,224.25000508626303
6371,297.25000254313153
6372,263.9166717529297
6373,406.9166666666667
6374,531.7500101725261
6375,464.00000508626306
6376,468.5833435058594
6377,415.91667683919275
6378,409.75000254313153
6379,323.50000254313153
6380,271.4166692097982
6381,270.33333587646484
6382,245.33333841959637
6383,184.41666793823242
6384,193.6666717529297
6385,181.25000254313153
6386,133.50000127156576
6387,90.33333587646484
6388,63.50000127156576
6389,41.50000031789144
6390,58.08333460489909
6391,88.50000063578288
6392,152.1666692097982
6393,200.75000254313153
6394,205.83333333333334
6395,347.08333333333337
6396,467.1666717529297
6397,520.0
6398,542.9166768391927
6399,532.6666666666667
6400,490.75
6401,486.00001017252606
6402,367.83333333333337
6403,264.58333333333337
6404,205.33333333333334
6405,193.0833346048991
6406,168.91666666666669
6407,144.75000127156576
6408,157.75000254313153
6409,114.5833346048991
6410,80.16666730244955
6411,47.583333333333336
6412,38.58333396911621
6413,59.16666793823242
6414,137.66666666666669
6415,316.4166717529297
6416,632.5833384195964
6417,349.3333384195964
6418,270.1666666666667
6419,288.8333384195964
6420,412.83333333333337
6421,460.9166666666667
6422,462.16667683919275
6423,529.7500050862631
6424,450.75000508626306
6425,548.8333384195964
6426,822.1666870117188
6427,519.8333333333334
6428,389.00001017252606
6429,373.08333333333337
6430,323.00000508626306
6431,252.58333333333334
6432,194.50000508626303
6433,161.83333333333334
6434,124.16666920979819
6435,74.33333333333334
6436,52.00000063578288
6437,63.91666730244955
6438,152.50000127156576
6439,328.58333587646484
6440,643.0833384195964
6441,387.5833384195964
6442,282.50000508626306
6443,280.0833384195964
6444,308.00000254313153
6445,332.6666666666667
6446,351.5833384195964
6447,377.3333384195964
6448,405.41667683919275
6449,537.75
6450,732.0833435058594
6451,496.25
6452,400.00001017252606
6453,392.8333435058594
6454,390.25
6455,300.25
6456,239.33333333333334
6457,196.75000508626303
6458,134.58333587646484
6459,88.41666666666667
6460,60.75
6461,74.58333333333334
6462,181.5833346048991
6463,395.4166717529297
6464,748.3333384195964
6465,451.66667683919275
6466,316.4166692097982
6467,318.1666692097982
6468,352.5
6469,200.75000127156576
6470,58.58333396911621
6471,46.0
6472,74.50000063578288
6473,33.33333396911621
6474,62.75000127156576
6475,95.25000127156576
6476,31.25000031789144
6477,25.5
6478,109.66666730244955
6479,209.1666692097982
6480,259.0833384195964
6481,203.9166692097982
6482,153.50000254313153
6483,97.00000254313152
6484,64.58333396911621
6485,85.41666666666667
6486,214.4166692097982
6487,485.91667683919275
6488,948.8333536783855
6489,546.1666717529297
6490,397.8333435058594
6491,417.0833384195964
6492,449.0833384195964
6493,214.08333587646484
6494,148.4166692097982
6495,179.25000127156576
6496,406.0833435058594
6497,564.5833333333334
6498,788.3333333333334
6499,429.6666717529297
6500,151.91666793823242
6501,148.25000254313153
6502,324.0
6503,294.25000508626306
6504,229.9166692097982
6505,168.66666793823242
6506,108.8333346048991
6507,67.83333396911621
6508,40.583333333333336
6509,53.58333396911621
6510,149.25000254313153
6511,445.66667683919275
6512,988.5
6513,564.0
6514,426.6666666666667
6515,518.5
6516,613.0833333333334
6517,679.8333384195964
6518,734.0000203450521
6519,789.3333435058594
6520,762.8333333333334
6521,908.7500101725261
6522,1071.4166666666667
6523,728.6666768391927
6524,554.75
6525,530.8333435058594
6526,462.4166717529297
6527,358.6666692097982
6528,292.5
6529,229.6666717529297
6530,170.16666666666669
6531,103.08333587646484
6532,75.08333333333334
6533,80.41666666666667
6534,194.6666717529297
6535,475.25001017252606
6536,892.0833536783855
6537,557.9166666666667
6538,419.5833435058594
6539,525.0
6540,628.5000101725261
6541,723.6666666666667
6542,728.2500203450521
6543,812.5000203450521
6544,882.5000203450521
6545,1032.9166870117188
6546,1229.25
6547,805.0833435058594
6548,563.5833435058594
6549,544.0833384195964
6550,510.3333435058594
6551,398.9166666666667
6552,335.4166692097982
6553,306.4166717529297
6554,213.58333841959637
6555,155.5833346048991
6556,100.83333587646484
6557,77.41666666666667
6558,128.58333333333334
6559,223.83333333333334
6560,363.6666717529297
6561,430.66667683919275
6562,394.83333333333337
6563,477.8333435058594
6564,603.0
6565,621.4166768391927
6566,565.6666717529297
6567,697.2500101725261
6568,614.3333384195964
6569,649.6666717529297
6570,505.16667683919275
6571,462.4166666666667
6572,363.25000508626306
6573,331.58333333333337
6574,348.00000508626306
6575,311.0833384195964
6576,277.6666717529297
6577,229.6666717529297
6578,154.50000254313153
6579,105.5833346048991
6580,64.41666793823242
6581,45.08333396911621
6582,80.75
6583,121.08333587646484
6584,300.08333333333337
6585,328.75000254313153
6586,356.00000254313153
6587,531.3333384195964
6588,631.3333435058594
6589,740.0833435058594
6590,776.0833435058594
6591,741.3333384195964
6592,774.1666666666667
6593,970.6666870117188
6594,649.1666768391927
6595,621.1666768391927
6596,579.4166666666667
6597,414.4166666666667
6598,394.0
6599,264.9166666666667
6600,203.25000254313153
6601,131.00000254313153
6602,94.91666793823242
6603,61.58333460489909
6604,41.166666984558105
6605,65.66666730244955
6606,161.1666692097982
6607,370.5833435058594
6608,1071.7500101725261
6609,895.5833536783855
6610,252.83333587646484
6611,467.75000508626306
6612,554.0833435058594
6613,723.4166666666667
6614,763.6666768391927
6615,874.1666666666667
6616,1052.9166768391929
6617,1381.0000101725261
6618,1838.9166666666667
6619,1349.3333536783855
6620,906.2500203450521
6621,782.4166666666667
6622,686.5833536783855
6623,422.00000508626306
6624,294.0833384195964
6625,225.58333587646484
6626,164.33333333333334
6627,109.25000254313152
6628,80.33333396911621
6629,99.91666730244955
6630,239.25000508626303
6631,573.25
6632,1185.7500101725261
6633,791.2500203450521
6634,537.4166666666667
6635,622.1666717529297
6636,762.75
6637,841.1666768391927
6638,834.2500203450521
6639,982.7500203450521
6640,1132.1666666666667
6641,1521.9166666666667
6642,1856.5000203450522
6643,1247.1666666666667
6644,953.2500101725261
6645,874.9166666666667
6646,762.0833384195964
6647,563.3333384195964
6648,391.6666692097982
6649,317.9166717529297
6650,220.5
6651,153.6666692097982
6652,101.33333333333334
6653,114.83333587646484
6654,230.66666666666669
6655,577.0833384195964
6656,1283.7500101725261
6657,734.4166768391927
6658,559.9166666666667
6659,623.6666768391927
6660,769.7500203450521
6661,803.3333536783855
6662,853.9166870117188
6663,911.5
6664,1009.3333333333334
6665,1176.75
6666,1778.9166870117188
6667,1330.5833333333335
6668,989.2500203450521
6669,914.0000101725261
6670,831.4166768391927
6671,652.4166768391927
6672,471.1666717529297
6673,367.1666666666667
6674,236.58333333333334
6675,163.00000127156576
6676,104.00000254313152
6677,126.41666793823242
6678,260.25000254313153
6679,636.7500050862631
6680,1277.5
6681,789.0833333333334
6682,566.4166768391927
6683,643.1666666666667
6684,786.8333435058594
6685,858.8333435058594
6686,888.2500203450521
6687,892.1666870117188
6688,1033.3333333333335
6689,1494.9166666666667
6690,2024.75
6691,1289.1666870117188
6692,961.4166870117188
6693,922.9166666666667
6694,837.8333333333334
6695,601.6666666666667
6696,488.5833435058594
6697,395.33333333333337
6698,219.1666717529297
6699,152.25
6700,104.75000127156576
6701,132.0833346048991
6702,335.0
6703,720.7500101725261
6704,1378.3333333333335
6705,622.5833384195964
6706,688.7500101725261
6707,833.6666666666667
6708,927.4166666666667
6709,929.6666870117188
6710,920.5000203450521
6711,963.25
6712,1045.2500203450522
6713,1434.6666870117188
6714,1864.3333740234375
6715,1253.3333536783855
6716,891.2500101725261
6717,846.3333333333334
6718,828.1666666666667
6719,608.4166666666667
6720,524.3333435058594
6721,419.5
6722,286.6666717529297
6723,202.50000254313153
6724,123.66666793823242
6725,93.50000127156576
6726,170.41666666666669
6727,239.4166692097982
6728,436.4166717529297
6729,583.5833435058594
6730,618.3333435058594
6731,724.2500050862631
6732,936.4166666666667
6733,1004.5000203450521
6734,1189.2500101725261
6735,1165.25
6736,1203.3333536783855
6737,1175.4166870117188
6738,1217.4166666666667
6739,1019.25
6740,860.4166768391927
6741,846.8333536783855
6742,736.9166717529297
6743,591.1666666666667
6744,663.9166666666667
6745,513.2500101725261
6746,428.41667683919275
6747,303.8333384195964
6748,192.58333333333334
6749,136.6666692097982
6750,257.33333333333337
6751,403.25
6752,542.0833333333334
6753,602.0000050862631
6754,583.0833384195964
6755,1039.9166666666667
6756,1406.2500203450522
6757,1537.0833333333335
6758,1567.416707356771
6759,1754.7500406901042
6760,1973.166707356771
6761,2002.1666870117188
6762,1911.5000203450522
6763,1803.8333740234375
6764,1505.5
6765,1449.1666768391929
6766,1221.4166870117188
6767,941.25
6768,673.4166768391927
6769,469.0
6770,419.83333333333337
6771,284.0833384195964
6772,163.75
6773,138.33333333333334
6774,159.25000127156576
6775,226.58333333333334
6776,421.00000508626306
6777,331.50000254313153
6778,193.75000254313153
6779,574.6666666666667
6780,752.2500101725261
6781,1141.5
6782,521.5
6783,558.0000050862631
6784,250.83333333333334
6785,171.91666666666669
6786,178.6666717529297
6787,103.58333587646484
6788,48.66666730244955
6789,19.00000015894572
6790,11.25000015894572
6791,16.75000015894572
6792,133.33333587646484
6793,47.91666666666667
6794,34.91666666666667
6795,17.083333492279053
6796,11.083333333333334
6797,12.583333333333334
6798,16.25000031789144
6799,35.41666666666667
6800,45.583333333333336
6801,29.83333396911621
6802,30.75000063578288
6803,17.583333333333336
6804,32.416666984558105
6805,25.25
6806,33.833333333333336
6807,41.41666666666667
6808,47.91666730244955
6809,70.5
6810,81.91666666666667
6811,56.16666793823242
6812,38.08333396911621
6813,134.91666666666669
6814,382.50000508626306
6815,497.25000508626306
6816,481.0833435058594
6817,258.33333333333337
6818,44.66666666666667
6819,41.16666730244955
6820,50.91666730244955
6821,109.91666666666667
6822,298.75000254313153
6823,798.9166768391927
6824,1294.5833536783855
6825,810.9166870117188
6826,563.1666666666667
6827,693.9166666666667
6828,843.9166768391927
6829,918.6666870117188
6830,964.8333536783855
6831,946.1666768391927
6832,1045.0
6833,1415.8333740234375
6834,2202.5
6835,1634.6666666666667
6836,1223.7500101725261
6837,1331.1666768391929
6838,1181.1666666666667
6839,660.8333333333334
6840,482.9166717529297
6841,318.25000508626306
6842,251.25
6843,152.8333346048991
6844,107.91666920979819
6845,133.50000254313153
6846,319.83333587646484
6847,742.9166768391927
6848,1549.5000203450522
6849,930.0000101725261
6850,765.1666870117188
6851,860.7500203450521
6852,1018.8333333333334
6853,1079.9166666666667
6854,1153.0
6855,1321.1666768391929
6856,1494.5
6857,1858.75
6858,2248.3333740234375
6859,1925.5833333333335
6860,1511.0000203450522
6861,1501.8333536783855
6862,1321.7500101725261
6863,924.4166768391927
6864,586.9166768391927
6865,404.25
6866,300.75000508626306
6867,200.08333841959637
6868,137.50000254313153
6869,162.66666666666669
6870,389.25
6871,723.4166870117188
6872,1625.7500203450522
6873,987.9166666666667
6874,772.5833333333334
6875,843.0833536783855
6876,967.8333536783855
6877,890.25
6878,1110.7500101725261
6879,1209.3333435058594
6880,1356.4166870117188
6881,1671.6666666666667
6882,2220.0000406901045
6883,1482.0000203450522
6884,1288.8333435058594
6885,1218.6666666666667
6886,1064.5000203450522
6887,716.5833536783855
6888,560.5000050862631
6889,425.3333384195964
6890,296.6666692097982
6891,223.75
6892,137.66666793823242
6893,154.66666793823242
6894,384.9166717529297
6895,722.0833333333334
6896,1256.4166768391929
6897,958.2500203450521
6898,751.5833536783855
6899,854.6666666666667
6900,980.75
6901,1107.2500203450522
6902,1063.5833435058594
6903,1188.0000203450522
6904,1325.3333435058594
6905,1824.7500203450522
6906,2523.666707356771
6907,1775.0
6908,1293.8333536783855
6909,1311.8333333333335
6910,1064.0
6911,852.3333333333334
6912,728.0833333333334
6913,524.7500101725261
6914,395.9166717529297
6915,283.3333384195964
6916,170.83333587646484
6917,145.16666666666669
6918,226.83333587646484
6919,366.4166717529297
6920,566.5833333333334
6921,751.0833536783855
6922,777.9166870117188
6923,1090.3333435058594
6924,1275.0833536783855
6925,1349.5833333333335
6926,1414.5833740234375
6927,1528.9166666666667
6928,1696.5
6929,1738.25
6930,1797.0000406901042
6931,1514.0000406901042
6932,1349.5
6933,1162.4166870117188
6934,1002.6666870117188
6935,717.6666666666667
6936,560.3333435058594
6937,404.75000508626306
6938,311.33333587646484
6939,222.41666666666669
6940,135.8333346048991
6941,111.08333587646484
6942,180.08333841959637
6943,285.83333333333337
6944,434.75
6945,663.6666666666667
6946,923.7500101725261
6947,1161.8333435058594
6948,1307.4166870117188
6949,1329.4166870117188
6950,1433.666707356771
6951,1464.666707356771
6952,1651.6666666666667
6953,1516.0000406901042
6954,1555.5833333333335
6955,1289.1666768391929
6956,969.3333536783855
6957,1087.6666870117188
6958,908.0833536783855
6959,760.5833536783855
6960,505.6666666666667
6961,367.25001017252606
6962,264.4166717529297
6963,187.41666666666669
6964,126.8333346048991
6965,216.4166717529297
6966,496.25001017252606
6967,968.9166666666667
6968,1625.8333740234375
6969,1092.1666870117188
6970,823.0833333333334
6971,883.6666768391927
6972,1008.4166768391927
6973,1141.1666870117188
6974,1221.1666768391929
6975,1349.0833536783855
6976,1529.0833740234375
6977,2007.5000203450522
6978,2854.916707356771
6979,2113.7500406901045
6980,1825.25
6981,1632.0
6982,1493.0000203450522
6983,743.6666717529297
6984,561.5833435058594
6985,373.4166717529297
6986,274.08333587646484
6987,170.1666692097982
6988,119.00000254313152
6989,195.91666666666669
6990,521.75
6991,1041.1666768391929
6992,1771.2500406901042
6993,1205.8333333333335
6994,922.2500101725261
6995,982.6666870117188
6996,1150.3333435058594
6997,1266.5833536783855
6998,1324.5833435058594
6999,1406.0833333333335
7000,1643.0000406901042
7001,2153.8333740234375
7002,2858.416707356771
7003,2105.166707356771
7004,1867.1666666666667
7005,1621.0833740234375
7006,1379.2500203450522
7007,1028.1666870117188
7008,789.4166870117188
7009,704.4166666666667
7010,370.33333587646484
7011,311.9166666666667
7012,218.00000254313153
7013,216.25000254313153
7014,437.9166666666667
7015,712.4166666666667
7016,899.3333536783855
7017,907.4166768391927
7018,956.5
7019,1030.5000203450522
7020,1171.0000203450522
7021,1052.2500203450522
7022,794.6666768391927
7023,482.25001017252606
7024,231.9166692097982
7025,101.50000254313152
7026,92.25
7027,155.91666793823242
7028,279.1666692097982
7029,228.91666666666669
7030,99.41666730244955
7031,35.75
7032,34.666666984558105
7033,36.58333365122478
7034,62.50000127156576
7035,83.16666666666667
7036,161.1666692097982
7037,193.08333587646484
7038,521.9166666666667
7039,987.5833536783855
7040,1869.0
7041,1133.0
7042,949.9166768391927
7043,988.0
7044,1200.6666870117188
7045,1184.5833536783855
7046,1308.5000203450522
7047,1318.5833435058594
7048,1617.5833536783855
7049,2150.666707356771
7050,2933.7500406901045
7051,2146.0833333333335
7052,1629.25
7053,1524.7500203450522
7054,1401.5
7055,1036.0833536783855
7056,692.5833435058594
7057,550.0000101725261
7058,410.75001017252606
7059,242.00000254313153
7060,159.25000254313153
7061,196.58333841959637
7062,488.4166717529297
7063,1010.2500101725261
7064,1841.5000406901042
7065,1191.7500101725261
7066,983.0
7067,1065.8333435058594
7068,1198.8333333333335
7069,1259.4166768391929
7070,1270.9166870117188
7071,1434.25
7072,1671.6666666666667
7073,2203.5
7074,3038.833414713542
7075,2271.666666666667
7076,1946.75
7077,1848.916707356771
7078,1714.0833536783855
7079,1239.1666768391929
7080,839.25
7081,614.2500050862631
7082,444.9166666666667
7083,292.5
7084,189.58333587646484
7085,216.16666666666669
7086,550.0833333333334
7087,1159.3333333333335
7088,2041.1666870117188
7089,1291.2500101725261
7090,1033.0833333333335
7091,1137.1666870117188
7092,1253.3333536783855
7093,1197.9166768391929
7094,1217.3333536783855
7095,1374.5833536783855
7096,1570.3333536783855
7097,2152.6666870117188
7098,3167.0833333333335
7099,2221.75
7100,1786.2500203450522
7101,1765.0
7102,1630.166707356771
7103,1151.5833536783855
7104,912.4166666666667
7105,731.75
7106,524.9166717529297
7107,360.50000508626306
7108,231.9166717529297
7109,192.33333587646484
7110,314.00000254313153
7111,484.25
7112,853.8333536783855
7113,1020.6666768391927
7114,1143.8333435058594
7115,1286.5000101725261
7116,1332.9166870117188
7117,1391.3333333333335
7118,1329.3333333333335
7119,1513.7500101725261
7120,1825.8333536783855
7121,2018.5833536783855
7122,2157.6666870117188
7123,2077.166707356771
7124,1930.8333536783855
7125,1663.9166870117188
7126,1524.4166666666667
7127,1097.25
7128,994.4166870117188
7129,792.8333536783855
7130,575.6666717529297
7131,387.4166692097982
7132,154.0833346048991
7133,187.1666692097982
7134,181.25000127156576
7135,438.6666717529297
7136,675.0833435058594
7137,985.8333333333334
7138,1057.7500203450522
7139,1170.4166870117188
7140,1395.25
7141,1674.0000203450522
7142,1323.8333740234375
7143,1780.1666870117188
7144,2104.8333536783857
7145,2140.6666870117188
7146,2090.5000203450522
7147,1975.5
7148,1867.6666870117188
7149,1619.6666666666667
7150,1468.3333536783855
7151,1142.0833536783855
7152,660.3333333333334
7153,427.66667683919275
7154,306.8333384195964
7155,174.75000127156576
7156,116.3333346048991
7157,193.1666692097982
7158,461.1666666666667
7159,1083.3333435058594
7160,2153.2500406901045
7161,1324.2500101725261
7162,998.0000101725261
7163,905.7500101725261
7164,1045.4166768391929
7165,1084.4166870117188
7166,1067.75
7167,1238.4166768391929
7168,1533.25
7169,2010.9166870117188
7170,3146.3333740234375
7171,2481.25
7172,2151.4166870117188
7173,2075.3333740234375
7174,1799.416707356771
7175,1285.1666870117188
7176,803.5000101725261
7177,613.4166666666667
7178,449.41667683919275
7179,279.50000254313153
7180,201.33333333333334
7181,262.83333333333337
7182,563.9166666666667
7183,1286.2500101725261
7184,2102.8333740234375
7185,1293.5000101725261
7186,996.75
7187,1088.75
7188,1170.3333435058594
7189,1204.7500101725261
7190,1269.0
7191,1286.8333536783855
7192,1430.8333333333335
7193,2127.3333333333335
7194,2951.9166870117188
7195,560.4166768391927
7196,271.9166692097982
7197,1224.2500101725261
7198,996.5
7199,863.1666666666667
7200,749.0000101725261
7201,612.0833384195964
7202,442.8333435058594
7203,253.83333841959637
7204,198.75000254313153
7205,222.08333587646484
7206,454.66667683919275
7207,1064.5833333333335
7208,2017.3333536783855
7209,1408.2500101725261
7210,925.5000101725261
7211,1055.5000203450522
7212,1181.0833536783855
7213,1332.1666768391929
7214,1294.5833333333335
7215,1462.1666870117188
7216,1755.8333333333335
7217,2426.1666870117188
7218,3155.416748046875
7219,2197.0833536783857
7220,1903.25
7221,1749.0833536783855
7222,1438.0833435058594
7223,937.0000203450521
7224,717.8333435058594
7225,541.8333435058594
7226,417.3333435058594
7227,285.50000254313153
7228,192.41666666666669
7229,212.25000254313153
7230,548.4166717529297
7231,1124.5000203450522
7232,2050.5
7233,1271.7500203450522
7234,951.25
7235,1064.9166666666667
7236,1197.0
7237,1228.0000101725261
7238,1216.2500203450522
7239,1299.1666768391929
7240,1481.5833435058594
7241,2085.5833333333335
7242,3126.666666666667
7243,2388.2500203450522
7244,2032.5000203450522
7245,1900.916707356771
7246,1716.2500203450522
7247,1152.0
7248,1017.4166870117188
7249,766.1666870117188
7250,559.5000101725261
7251,347.0833384195964
7252,246.1666692097982
7253,301.1666692097982
7254,750.5000101725261
7255,1470.9166666666667
7256,2271.416707356771
7257,1479.5000203450522
7258,1050.5000203450522
7259,1063.4166768391929
7260,1119.7500101725261
7261,1187.9166870117188
7262,1166.5
7263,1296.9166870117188
7264,1524.1666666666667
7265,2141.8333333333335
7266,3305.416748046875
7267,2692.666666666667
7268,2317.3333740234375
7269,2105.666707356771
7270,1998.2500203450522
7271,1384.8333333333335
7272,1029.5
7273,881.0833536783855
7274,547.1666717529297
7275,366.1666717529297
7276,238.25000508626303
7277,278.9166717529297
7278,742.0000203450521
7279,1452.916707356771
7280,2217.0
7281,1404.3333536783855
7282,935.2500203450521
7283,1003.2500101725261
7284,1076.4166768391929
7285,981.1666666666667
7286,1010.1666870117188
7287,1202.7500203450522
7288,1482.2500101725261
7289,2188.666707356771
7290,3301.5833740234375
7291,2750.3333536783857
7292,2366.416707356771
7293,2240.25
7294,2057.1666870117188
7295,1540.5833536783855
7296,1209.25
7297,993.75
7298,763.0000101725261
7299,545.5833435058594
7300,345.5833384195964
7301,273.83333333333337
7302,455.0833384195964
7303,641.5833384195964
7304,915.7500101725261
7305,1101.75
7306,1053.75
7307,1198.5833435058594
7308,1388.9166666666667
7309,1364.1666666666667
7310,1413.1666666666667
7311,1556.9166870117188
7312,1765.0000406901042
7313,2090.1666870117188
7314,2142.5000203450522
7315,2190.5833536783857
7316,1987.916707356771
7317,1787.0000406901042
7318,1710.416707356771
7319,1222.6666768391929
7320,1079.5833536783855
7321,812.0833536783855
7322,489.33333333333337
7323,334.6666717529297
7324,234.58333841959637
7325,175.58333333333334
7326,290.6666717529297
7327,438.5833384195964
7328,711.0000050862631
7329,988.3333333333334
7330,1059.9166768391929
7331,1118.5
7332,1262.6666870117188
7333,1211.5
7334,1165.5000203450522
7335,1368.5
7336,1727.8333536783855
7337,2118.8333740234375
7338,2432.0000203450522
7339,2385.416666666667
7340,2191.3333333333335
7341,1680.2500203450522
7342,1477.166707356771
7343,1197.25
7344,841.8333333333334
7345,572.75
7346,391.3333435058594
7347,265.00000254313153
7348,193.5
7349,297.4166666666667
7350,727.0000050862631
7351,1260.3333536783855
7352,2286.916666666667
7353,1264.7500101725261
7354,876.5000203450521
7355,903.9166768391927
7356,902.8333333333334
7357,898.0833435058594
7358,887.3333536783855
7359,995.2500101725261
7360,1240.4166666666667
7361,1919.5833740234375
7362,3063.166707356771
7363,2390.1666870117188
7364,2189.7500406901045
7365,2144.5833536783857
7366,1962.0833333333335
7367,1448.6666870117188
7368,994.4166666666667
7369,741.4166768391927
7370,563.5000101725261
7371,367.0833435058594
7372,216.25000254313153
7373,173.41666666666669
7374,128.0833346048991
7375,114.08333587646484
7376,88.66666793823242
7377,47.75000063578288
7378,28.666667302449547
7379,32.833333333333336
7380,30.083333651224773
7381,44.41666666666667
7382,45.50000031789144
7383,122.00000254313152
7384,99.83333587646484
7385,229.83333587646484
7386,287.75000508626306
7387,273.6666717529297
7388,183.91666666666669
7389,281.9166692097982
7390,765.4166666666667
7391,368.9166717529297
7392,548.5833333333334
7393,223.0
7394,195.00000127156576
7395,125.16666666666667
7396,100.33333587646484
7397,241.08333841959637
7398,262.0833384195964
7399,415.50000508626306
7400,853.25
7401,1197.3333435058594
7402,796.0833333333334
7403,1019.5000203450521
7404,1216.25
7405,1252.6666870117188
7406,1213.8333333333335
7407,1314.2500101725261
7408,1522.5833536783855
7409,2207.666707356771
7410,3181.8333740234375
7411,2452.0000203450522
7412,2131.5000203450522
7413,1985.75
7414,1848.0833740234375
7415,1367.1666870117188
7416,1006.7500203450521
7417,716.5833333333334
7418,533.0
7419,419.5
7420,163.25000127156576
7421,191.75
7422,541.5000101725261
7423,1372.0833536783855
7424,1929.5833536783855
7425,1265.5833435058594
7426,924.9166768391927
7427,969.0
7428,1066.0000101725261
7429,1109.6666666666667
7430,1103.7500203450522
7431,1139.0833536783855
7432,292.6666666666667
7433,45.33333460489909
7434,357.75
7435,662.0833435058594
7436,580.6666768391927
7437,497.58333333333337
7438,428.4166692097982
7439,527.6666768391927
7440,604.5
7441,392.4166717529297
7442,307.4166692097982
7443,243.50000508626303
7444,62.25000063578288
7445,29.25
7446,121.33333587646484
7447,637.0833333333334
7448,1863.1666666666667
7449,1278.9166666666667
7450,972.1666870117188
7451,984.4166666666667
7452,1211.0
7453,1235.5833333333335
7454,1223.4166666666667
7455,1309.4166768391929
7456,1597.9166870117188
7457,2163.4166870117188
7458,3085.5833740234375
7459,2469.916666666667
7460,2070.166707356771
7461,1915.416707356771
7462,1844.7500406901042
7463,1442.9166666666667
7464,1138.2500101725261
7465,833.0000101725261
7466,633.9166768391927
7467,392.33333333333337
7468,260.58333587646484
7469,197.58333841959637
7470,268.08333587646484
7471,554.9166717529297
7472,783.0000050862631
7473,893.6666666666667
7474,1049.0000203450522
7475,231.33333587646484
7476,94.83333396911621
7477,662.4166666666667
7478,1201.7500203450522
7479,1262.4166768391929
7480,1401.8333333333335
7481,1103.0833536783855
7482,199.66666666666669
7483,597.0833333333334
7484,1438.8333536783855
7485,1380.8333536783855
7486,622.5
7487,868.7500101725261
7488,1192.4166768391929
7489,995.1666870117188
7490,716.8333384195964
7491,488.4166717529297
7492,325.3333384195964
7493,273.4166666666667
7494,414.5
7495,566.6666666666667
7496,709.7500050862631
7497,654.6666768391927
7498,670.8333333333334
7499,681.5000101725261
7500,796.2500203450521
7501,786.4166768391927
7502,759.9166717529297
7503,793.9166768391927
7504,967.7500101725261
7505,1103.0833536783855
7506,1434.7500101725261
7507,1564.666707356771
7508,1763.8333740234375
7509,1742.416707356771
7510,1635.3333740234375
7511,1343.1666768391929
7512,1141.9166870117188
7513,901.1666870117188
7514,674.1666717529297
7515,446.5833435058594
7516,270.9166692097982
7517,227.83333587646484
7518,320.25000254313153
7519,425.0833435058594
7520,589.3333333333334
7521,604.0833435058594
7522,555.8333333333334
7523,635.6666717529297
7524,672.0833333333334
7525,699.8333333333334
7526,766.4166666666667
7527,823.0
7528,901.75
7529,1196.0000101725261
7530,1411.9166666666667
7531,1432.9166870117188
7532,1503.3333536783855
7533,1430.5000101725261
7534,1328.1666870117188
7535,1160.5
7536,768.2500203450521
7537,509.83333333333337
7538,352.6666666666667
7539,241.50000508626303
7540,176.08333587646484
7541,273.4166717529297
7542,656.5833333333334
7543,1187.8333435058594
7544,1737.3333333333335
7545,899.7500101725261
7546,591.8333384195964
7547,601.5000101725261
7548,653.5833384195964
7549,677.0000101725261
7550,688.5833435058594
7551,719.5000101725261
7552,870.0
7553,1263.25
7554,2101.3333740234375
7555,1837.1666666666667
7556,1850.0
7557,1863.3333333333335
7558,1722.0833536783855
7559,1306.0000203450522
7560,885.9166870117188
7561,678.0
7562,486.1666717529297
7563,342.25
7564,241.58333333333334
7565,304.9166692097982
7566,662.1666666666667
7567,1152.0
7568,1514.5
7569,899.3333536783855
7570,585.9166717529297
7571,591.7500101725261
7572,638.5833435058594
7573,644.1666666666667
7574,610.9166768391927
7575,744.8333384195964
7576,948.1666870117188
7577,1335.3333333333335
7578,2207.25
7579,1947.5
7580,1933.8333740234375
7581,1875.1666870117188
7582,1763.7500406901042
7583,1308.6666870117188
7584,870.0000101725261
7585,656.0000050862631
7586,485.4166717529297
7587,330.50000508626306
7588,220.1666717529297
7589,291.75
7590,637.4166768391927
7591,1176.6666666666667
7592,1974.5833536783855
7593,1017.5
7594,712.2500101725261
7595,735.0000050862631
7596,777.9166666666667
7597,736.7500101725261
7598,693.9166717529297
7599,767.1666666666667
7600,915.9166768391927
7601,1480.0833536783855
7602,2446.8333740234375
7603,2049.5833333333335
7604,1868.1666666666667
7605,1871.3333740234375
7606,1766.1666666666667
7607,1314.9166666666667
7608,947.2500101725261
7609,721.5000101725261
7610,526.5000101725261
7611,352.75000254313153
7612,235.4166717529297
7613,294.6666717529297
7614,638.5
7615,1134.9166768391929
7616,1769.25
7617,1132.5833435058594
7618,755.5833333333334
7619,684.8333435058594
7620,765.6666717529297
7621,724.6666717529297
7622,748.2500050862631
7623,840.4166666666667
7624,899.5000203450521
7625,1348.6666768391929
7626,2226.2500203450522
7627,1995.5833740234375
7628,1804.25
7629,1855.5833536783855
7630,1702.916707356771
7631,1229.4166870117188
7632,1012.2500203450521
7633,779.0833333333334
7634,560.8333384195964
7635,377.33333587646484
7636,252.4166692097982
7637,283.0
7638,623.1666717529297
7639,1133.9166768391929
7640,1726.6666870117188
7641,879.7500203450521
7642,630.8333333333334
7643,635.5833435058594
7644,701.3333333333334
7645,665.0833435058594
7646,657.7500050862631
7647,730.5833384195964
7648,852.7500203450521
7649,1243.4166666666667
7650,2264.0833536783857
7651,2021.5833536783855
7652,1782.166707356771
7653,1734.25
7654,1652.166707356771
7655,1261.1666666666667
7656,1105.5833435058594
7657,843.5833333333334
7658,633.6666717529297
7659,440.5833435058594
7660,283.1666717529297
7661,236.25
7662,364.4166666666667
7663,488.08333333333337
7664,674.2500101725261
7665,635.0833384195964
7666,562.4166666666667
7667,583.5833435058594
7668,677.5
7669,803.6666768391927
7670,308.33333587646484
7671,498.75001017252606
7672,1195.6666666666667
7673,1330.9166768391929
7674,1496.1666870117188
7675,1602.0000203450522
7676,1556.5000101725261
7677,1560.75
7678,1491.5833536783855
7679,1213.7500101725261
7680,1051.9166666666667
7681,904.5000203450521
7682,657.0833333333334
7683,453.4166666666667
7684,270.25000254313153
7685,216.58333333333334
7686,311.08333333333337
7687,393.9166666666667
7688,560.3333333333334
7689,591.5000101725261
7690,573.4166768391927
7691,643.0
7692,703.9166768391927
7693,745.1666717529297
7694,759.2500101725261
7695,862.3333333333334
7696,1029.1666768391929
7697,1201.1666768391929
7698,1426.7500101725261
7699,1517.3333536783855
7700,1668.4166666666667
7701,1686.5000406901042
7702,1650.166707356771
7703,1297.9166666666667
7704,744.0000101725261
7705,514.6666717529297
7706,376.50000254313153
7707,242.83333587646484
7708,185.83333587646484
7709,284.50000508626306
7710,666.4166717529297
7711,1118.0833536783855
7712,1697.2500406901042
7713,880.6666870117188
7714,592.5000101725261
7715,579.6666717529297
7716,635.3333384195964
7717,649.8333435058594
7718,666.6666717529297
7719,728.0000050862631
7720,877.6666768391927
7721,1301.5833435058594
7722,2004.3333333333335
7723,1618.2500203450522
7724,1540.4166666666667
7725,1588.0833333333335
7726,1557.1666870117188
7727,1230.5833435058594
7728,866.2500101725261
7729,678.4166666666667
7730,474.5
7731,326.8333384195964
7732,219.08333841959637
7733,300.5
7734,663.5000050862631
7735,1165.7500203450522
7736,1662.6666870117188
7737,872.2500203450521
7738,567.4166768391927
7739,583.7500101725261
7740,640.7500050862631
7741,644.8333384195964
7742,624.8333435058594
7743,682.2500050862631
7744,794.5
7745,1226.8333435058594
7746,2163.6666870117188
7747,1673.0833333333335
7748,1568.3333536783855
7749,1632.9166870117188
7750,1631.8333536783855
7751,1266.9166870117188
7752,854.8333536783855
7753,653.0000101725261
7754,424.00000508626306
7755,220.75000508626303
7756,112.91666920979819
7757,92.75
7758,71.91666730244955
7759,495.00000508626306
7760,1938.0833536783855
7761,1019.8333536783855
7762,723.0000101725261
7763,744.5000050862631
7764,930.3333536783855
7765,971.7500101725261
7766,1021.5833435058594
7767,1100.0833435058594
7768,1211.1666768391929
7769,1827.0
7770,2761.166707356771
7771,2192.0000406901045
7772,1965.5000406901042
7773,1848.7500406901042
7774,1752.1666870117188
7775,1294.6666768391929
7776,972.6666666666667
7777,758.4166870117188
7778,534.0000050862631
7779,353.4166692097982
7780,231.5
7781,290.50000254313153
7782,651.0833384195964
7783,1316.5000101725261
7784,1892.4166666666667
7785,1013.1666870117188
7786,639.6666666666667
7787,616.5833435058594
7788,651.5833333333334
7789,647.6666717529297
7790,645.5000050862631
7791,694.1666717529297
7792,865.8333333333334
7793,1307.6666870117188
7794,2140.4166870117188
7795,1710.5833740234375
7796,1480.5833536783855
7797,1615.5000203450522
7798,1578.3333740234375
7799,1238.0000203450522
7800,863.8333536783855
7801,650.4166717529297
7802,474.58333333333337
7803,329.00000254313153
7804,202.83333333333334
7805,279.6666717529297
7806,605.1666666666667
7807,1185.0
7808,1894.3333740234375
7809,1086.5000203450522
7810,661.3333384195964
7811,642.2500101725261
7812,878.5000101725261
7813,830.5833536783855
7814,812.4166768391927
7815,929.2500101725261
7816,1222.5
7817,1701.666707356771
7818,2739.3333333333335
7819,1840.9166870117188
7820,1526.6666666666667
7821,812.1666666666667
7822,500.33333333333337
7823,567.9166717529297
7824,675.6666768391927
7825,335.25
7826,183.08333587646484
7827,97.75
7828,72.91666793823242
7829,114.75000127156576
7830,331.50000508626306
7831,970.5000203450521
7832,1741.6666870117188
7833,1096.0833435058594
7834,846.9166870117188
7835,809.5833333333334
7836,885.5833536783855
7837,211.00000254313153
7838,91.58333333333334
7839,560.0833333333334
7840,667.6666768391927
7841,237.9166692097982
7842,899.4166666666667
7843,1960.25
7844,1727.6666666666667
7845,1785.5000203450522
7846,1644.3333333333335
7847,1214.1666768391929
7848,1124.9166768391929
7849,900.3333333333334
7850,660.8333384195964
7851,458.9166666666667
7852,292.83333587646484
7853,256.9166666666667
7854,412.0
7855,576.0833384195964
7856,817.1666666666667
7857,858.4166768391927
7858,798.2500101725261
7859,939.6666870117188
7860,1020.0833536783855
7861,1077.9166870117188
7862,1181.1666768391929
7863,1211.1666870117188
7864,1388.9166666666667
7865,1577.3333536783855
7866,1725.8333536783855
7867,1727.416707356771
7868,1584.6666870117188
7869,1520.25
7870,1419.4166870117188
7871,1107.8333536783855
7872,1007.1666768391927
7873,807.6666666666667
7874,614.0833384195964
7875,426.4166717529297
7876,240.1666692097982
7877,171.16666666666669
7878,234.75000508626303
7879,392.9166666666667
7880,614.3333333333334
7881,814.3333536783855
7882,804.1666870117188
7883,994.0000101725261
7884,1214.3333333333335
7885,919.1666666666667
7886,991.2500203450521
7887,820.7500101725261
7888,970.9166870117188
7889,1481.1666666666667
7890,1453.3333536783855
7891,1660.6666666666667
7892,1471.0833435058594
7893,329.83333587646484
7894,146.0
7895,497.41667683919275
7896,213.08333587646484
7897,72.33333396911621
7898,47.66666730244955
7899,28.583333492279053
7900,18.75000031789144
7901,43.5
7902,37.66666730244955
7903,181.83333333333334
7904,249.58333587646484
7905,72.16666793823242
7906,66.16666666666667
7907,114.66666920979819
7908,78.08333396911621
7909,164.25
7910,308.58333333333337
7911,758.4166768391927
7912,1034.6666768391929
7913,1618.4166870117188
7914,2605.0
7915,1940.5833536783855
7916,1475.916707356771
7917,1333.6666768391929
7918,1193.0
7919,1098.6666666666667
7920,654.3333333333334
7921,687.5833435058594
7922,404.8333435058594
7923,227.25000127156576
7924,129.41666666666669
7925,255.83333841959637
7926,541.9166717529297
7927,1146.6666870117188
7928,1987.416707356771
7929,1171.6666768391929
7930,748.6666717529297
7931,229.08333333333334
7932,54.41666730244955
7933,31.416667302449547
7934,112.58333587646484
7935,83.33333396911621
7936,61.08333396911621
7937,44.08333396911621
7938,81.41666793823242
7939,39.41666730244955
7940,22.75000031789144
7941,91.0833346048991
7942,55.91666666666667
7943,138.66666793823242
7944,164.9166692097982
7945,317.75000508626306
7946,413.5
7947,284.33333587646484
7948,161.91666666666669
7949,248.00000508626303
7950,564.3333333333334
7951,1166.0000101725261
7952,2069.416666666667
7953,1101.7500203450522
7954,754.6666717529297
7955,784.2500050862631
7956,888.9166870117188
7957,957.5833536783855
7958,1034.3333536783855
7959,1077.8333435058594
7960,352.08333333333337
7961,89.75000127156576
7962,63.00000063578288
7963,36.75
7964,28.25000063578288
7965,54.41666730244955
7966,93.58333333333334
7967,129.3333346048991
7968,311.3333384195964
7969,76.16666793823242
7970,92.00000127156576
7971,131.50000127156576
7972,72.5833346048991
7973,92.50000127156576
7974,233.75000127156576
7975,396.1666717529297
7976,816.3333384195964
7977,902.0833435058594
7978,691.0833384195964
7979,822.4166666666667
7980,931.6666666666667
7981,1018.8333536783855
7982,1068.6666870117188
7983,1188.4166768391929
7984,1308.5833333333335
7985,1881.916707356771
7986,1676.666707356771
7987,1537.25
7988,1819.0833536783855
7989,1845.0833536783855
7990,1750.0833333333335
7991,1257.3333435058594
7992,1015.3333536783855
7993,807.3333536783855
7994,568.2500050862631
7995,376.5833384195964
7996,245.1666717529297
7997,297.4166717529297
7998,616.6666717529297
7999,968.1666768391927
8000,1567.6666666666667
8001,1166.0
8002,875.9166768391927
8003,933.5833333333334
8004,1049.0833333333335
8005,1061.2500203450522
8006,1101.4166666666667
8007,1171.1666768391929
8008,1375.3333435058594
8009,1962.8333333333335
8010,2879.5833740234375
8011,2142.25
8012,1709.2500406901042
8013,1786.25
8014,1668.166707356771
8015,988.9166666666667
8016,826.5833435058594
8017,650.0833333333334
8018,190.08333587646484
8019,37.66666730244955
8020,29.833333651224773
8021,21.0
8022,23.416666666666668
8023,36.16666730244955
8024,84.5
8025,44.083333333333336
8026,58.16666793823242
8027,134.5
8028,498.25001017252606
8029,367.25000254313153
8030,497.4166717529297
8031,1072.6666870117188
8032,1258.2500101725261
8033,1781.2500406901042
8034,2415.8333333333335
8035,1899.7500406901042
8036,1563.4166870117188
8037,1594.25
8038,1493.0000203450522
8039,1082.4166870117188
8040,999.8333333333334
8041,810.5000101725261
8042,426.8333435058594
8043,406.50001017252606
8044,43.83333460489909
8045,57.16666666666667
8046,129.08333333333334
8047,549.6666717529297
8048,829.3333536783855
8049,844.5000203450521
8050,982.1666870117188
8051,1069.9166666666667
8052,1395.1666768391929
8053,1524.416707356771
8054,1424.4166768391929
8055,1530.666707356771
8056,1620.4166870117188
8057,2120.916707356771
8058,2023.9166666666667
8059,1846.0000203450522
8060,1678.916707356771
8061,1664.5
8062,1493.6666666666667
8063,1153.7500203450522
8064,945.6666870117188
8065,773.1666870117188
8066,549.25
8067,384.08333587646484
8068,245.58333841959637
8069,164.25000254313153
8070,212.9166717529297
8071,265.33333587646484
8072,440.0833384195964
8073,574.2500101725261
8074,696.8333384195964
8075,967.5000101725261
8076,1062.9166666666667
8077,1221.2500203450522
8078,1486.5833435058594
8079,1908.0833333333335
8080,1524.4166870117188
8081,1964.5833536783855
8082,1406.7500203450522
8083,1453.9166666666667
8084,1498.8333435058594
8085,1463.0833435058594
8086,1334.5833333333335
8087,1029.4166768391929
8088,806.1666666666667
8089,692.0000101725261
8090,528.5000101725261
8091,351.1666717529297
8092,231.00000254313153
8093,227.58333333333334
8094,486.58333333333337
8095,780.9166666666667
8096,1064.4166768391929
8097,886.2500101725261
8098,892.25
8099,1087.1666870117188
8100,1180.1666666666667
8101,1256.4166768391929
8102,1334.0000101725261
8103,1440.9166768391929
8104,1555.25
8105,1637.75
8106,1834.5000406901042
8107,1683.5833536783855
8108,1619.2500406901042
8109,1537.8333740234375
8110,1519.0
8111,1083.1666666666667
8112,887.4166666666667
8113,780.4166666666667
8114,593.0000101725261
8115,377.6666666666667
8116,247.58333587646484
8117,228.1666692097982
8118,439.25000508626306
8119,642.3333333333334
8120,905.5000101725261
8121,874.0
8122,919.2500203450521
8123,1139.5833536783855
8124,1313.6666768391929
8125,1364.6666768391929
8126,1396.7500203450522
8127,1594.3333536783855
8128,1703.166707356771
8129,1716.166707356771
8130,1783.0833536783855
8131,1755.7500406901042
8132,1847.3333333333335
8133,1824.4166870117188
8134,1550.5833333333335
8135,1159.9166768391929
8136,819.3333536783855
8137,620.5833435058594
8138,458.3333435058594
8139,305.33333587646484
8140,205.83333333333334
8141,264.75000254313153
8142,619.5833435058594
8143,1236.8333435058594
8144,2110.166707356771
8145,1250.2500203450522
8146,966.2500101725261
8147,1011.6666870117188
8148,1227.25
8149,1305.0833435058594
8150,1421.8333536783855
8151,1542.9166870117188
8152,1738.75
8153,2259.5000406901045
8154,3096.5833333333335
8155,2341.5833333333335
8156,2013.0833333333335
8157,1972.1666870117188
8158,1835.416707356771
8159,1213.3333536783855
8160,828.2500203450521
8161,633.5833435058594
8162,467.33333333333337
8163,319.00000508626306
8164,210.25000254313153
8165,263.83333333333337
8166,578.5000101725261
8167,1149.1666768391929
8168,2030.5000406901042
8169,1284.5000203450522
8170,929.0833536783855
8171,1056.5000203450522
8172,1155.1666768391929
8173,1256.0833435058594
8174,1375.0
8175,1433.0000203450522
8176,1657.3333536783855
8177,2350.0833333333335
8178,3070.916666666667
8179,2340.5833333333335
8180,1955.0833333333335
8181,1929.3333536783855
8182,1780.0833536783855
8183,1183.3333435058594
8184,0.0
8185,0.0
8186,0.0
8187,0.0
8188,0.0
8189,0.0
8190,0.0
8191,0.0
8192,0.0
8193,0.0
8194,0.0
8195,0.0
8196,0.0
8197,0.0
8198,0.0
8199,0.0
8200,0.0
8201,0.0
8202,0.0
8203,0.0
8204,0.0
8205,0.0
8206,0.0
8207,0.0
8208,1022.1666768391927
8209,801.3333435058594
8210,579.9166666666667
8211,407.00001017252606
8212,265.3333384195964
8213,216.5
8214,353.08333333333337
8215,490.5833384195964
8216,763.3333435058594
8217,927.7500101725261
8218,961.2500101725261
8219,1184.8333536783855
8220,1350.6666666666667
8221,1435.6666768391929
8222,1442.6666768391929
8223,1532.8333333333335
8224,1711.2500203450522
8225,2097.916707356771
8226,2050.8333536783857
8227,1810.3333536783855
8228,1692.666707356771
8229,1726.0000406901042
8230,1614.2500203450522
8231,1180.0833435058594
8232,0.0
8233,0.0
8234,0.0
8235,0.0
8236,0.0
8237,0.0
8238,0.0
8239,0.0
8240,0.0
8241,0.0
8242,0.0
8243,0.0
8244,0.0
8245,0.0
8246,0.0
8247,0.0
8248,0.0
8249,0.0
8250,0.0
8251,0.0
8252,0.0
8253,0.0
8254,0.0
8255,0.0
8256,755.5000050862631
8257,623.25
8258,509.5833384195964
8259,329.3333384195964
8260,207.58333333333334
8261,132.91666793823242
8262,204.5
8263,335.5
8264,622.0833435058594
8265,708.2500101725261
8266,830.2500101725261
8267,1059.3333536783855
8268,1439.5000203450522
8269,1659.2500406901042
8270,1649.2500406901042
8271,1689.0
8272,1940.0833333333335
8273,1783.7500406901042
8274,1361.25
8275,1201.6666666666667
8276,1183.5833333333335
8277,1154.75
8278,919.7500203450521
8279,781.0
8280,638.5833435058594
8281,424.6666666666667
8282,319.4166717529297
8283,189.08333587646484
8284,145.75000254313153
8285,220.58333841959637
8286,557.9166666666667
8287,1160.7500101725261
8288,2082.916707356771
8289,1120.7500101725261
8290,834.3333435058594
8291,852.4166768391927
8292,1018.4166768391927
8293,1095.5833333333335
8294,1169.8333333333335
8295,1258.3333333333335
8296,1393.5000203450522
8297,1978.916707356771
8298,2663.4166870117188
8299,1761.916707356771
8300,1515.2500203450522
8301,1456.5833435058594
8302,1166.6666768391929
8303,887.25
8304,661.8333333333334
8305,522.3333333333334
8306,423.41667683919275
8307,288.08333333333337
8308,177.66666793823242
8309,229.75000508626303
8310,573.6666717529297
8311,1170.8333333333335
8312,2009.8333536783855
8313,1128.4166768391929
8314,816.1666768391927
8315,131.00000127156576
8316,343.75000508626306
8317,880.7500101725261
8318,1004.5
8319,1124.5833333333335
8320,1267.9166870117188
8321,1697.3333333333335
8322,2527.3333740234375
8323,1749.25
8324,1522.5833536783855
8325,1468.0833536783855
8326,1237.1666768391929
8327,896.3333536783855
8328,675.5000050862631
8329,429.41667683919275
8330,325.00000254313153
8331,207.25000508626303
8332,139.25000127156576
8333,158.16666666666669
8334,274.4166692097982
8335,829.8333536783855
8336,1844.0000406901042
8337,1154.9166666666667
8338,863.8333333333334
8339,901.4166666666667
8340,1075.3333333333335
8341,1114.5000203450522
8342,1130.6666666666667
8343,1211.0833435058594
8344,1495.7500203450522
8345,1834.1666666666667
8346,2667.5000406901045
8347,1872.0833333333335
8348,1504.7500101725261
8349,1439.5833435058594
8350,1310.8333536783855
8351,962.3333536783855
8352,726.2500050862631
8353,590.2500050862631
8354,440.1666717529297
8355,271.6666717529297
8356,169.16666666666669
8357,160.58333333333334
8358,379.58333333333337
8359,1032.25
8360,2015.6666870117188
8361,1012.6666666666667
8362,832.5000101725261
8363,917.5000203450521
8364,1140.6666768391929
8365,1203.5833536783855
8366,1192.7500203450522
8367,1304.0833435058594
8368,1427.1666870117188
8369,1994.4166666666667
8370,2722.3333740234375
8371,1985.166707356771
8372,1656.5
8373,1590.5833333333335
8374,1471.8333536783855
8375,1041.1666768391929
8376,864.3333536783855
8377,709.0833384195964
8378,515.9166768391927
8379,355.75
8380,239.33333333333334
8381,260.1666717529297
8382,573.6666768391927
8383,416.6666717529297
8384,427.16667683919275
8385,590.0833384195964
8386,203.33333333333334
8387,66.00000063578288
8388,68.91666666666667
8389,14.083333333333334
8390,94.75000063578288
8391,321.83333333333337
8392,990.2500203450521
8393,1556.5000203450522
8394,2257.7500406901045
8395,1590.6666666666667
8396,1184.9166870117188
8397,1288.3333536783855
8398,1207.4166768391929
8399,840.8333333333334
8400,814.5833536783855
8401,683.5
8402,507.00000508626306
8403,352.50000508626306
8404,228.16666666666669
8405,162.41666666666669
8406,281.58333587646484
8407,429.5833435058594
8408,757.4166717529297
8409,793.6666717529297
8410,773.6666768391927
8411,945.3333536783855
8412,961.8333435058594
8413,1049.0
8414,1079.5833333333335
8415,1172.5833536783855
8416,1196.5833333333335
8417,1049.3333536783855
8418,1058.7500203450522
8419,911.8333536783855
8420,826.3333435058594
8421,870.8333536783855
8422,789.9166666666667
8423,673.2500050862631
8424,668.5
8425,579.1666717529297
8426,404.8333435058594
8427,289.83333333333337
8428,174.58333587646484
8429,35.666666984558105
8430,55.833333333333336
8431,156.50000127156576
8432,68.8333346048991
8433,125.16666666666667
8434,387.9166717529297
8435,585.7500101725261
8436,780.0833333333334
8437,801.5
8438,907.5000203450521
8439,860.8333536783855
8440,160.75
8441,204.41666666666669
8442,603.4166717529297
8443,631.2500101725261
8444,656.7500050862631
8445,679.9166717529297
8446,590.9166768391927
8447,441.0
8448,406.41667683919275
8449,266.08333587646484
8450,224.75000508626303
8451,142.91666793823242
8452,107.08333587646484
8453,163.33333333333334
8454,441.83333333333337
8455,983.5833333333334
8456,1869.5833536783855
8457,1074.2500101725261
8458,724.9166717529297
8459,732.9166666666667
8460,833.6666666666667
8461,872.8333536783855
8462,893.0
8463,889.8333333333334
8464,979.9166666666667
8465,1325.1666768391929
8466,1971.0833740234375
8467,1227.5000101725261
8468,938.5000101725261
8469,945.4166870117188
8470,835.1666870117188
8471,609.8333435058594
8472,487.4166717529297
8473,389.1666717529297
8474,299.3333384195964
8475,183.83333587646484
8476,132.91666793823242
8477,150.75
8478,373.0
8479,824.25
8480,1487.0833536783855
8481,924.8333435058594
8482,652.4166717529297
8483,702.9166717529297
8484,848.8333536783855
8485,948.3333435058594
8486,963.8333333333334
8487,1018.0
8488,1077.4166870117188
8489,1373.6666768391929
8490,2039.5000203450522
8491,1315.7500101725261
8492,1089.1666870117188
8493,1107.4166666666667
8494,1044.3333536783855
8495,752.5000101725261
8496,563.9166666666667
8497,460.50000508626306
8498,332.8333384195964
8499,209.58333841959637
8500,140.91666666666669
8501,168.08333587646484
8502,404.6666717529297
8503,872.8333333333334
8504,1728.916707356771
8505,969.0833333333334
8506,699.4166666666667
8507,733.0000101725261
8508,857.1666870117188
8509,1002.4166666666667
8510,994.3333435058594
8511,1017.25
8512,1119.8333435058594
8513,1410.5833536783855
8514,2085.2500203450522
8515,1331.3333435058594
8516,1029.0
8517,998.1666666666667
8518,903.0833536783855
8519,430.16667683919275
8520,342.1666717529297
8521,361.83333333333337
8522,107.83333333333334
8523,95.91666666666667
8524,124.8333346048991
8525,148.16666793823242
8526,352.83333587646484
8527,729.9166768391927
8528,1633.5833536783855
8529,1008.9166870117188
8530,651.4166666666667
8531,682.1666768391927
8532,785.8333536783855
8533,766.75
8534,724.6666870117188
8535,793.5833333333334
8536,829.25
8537,1201.1666768391929
8538,1704.0833740234375
8539,1145.6666768391929
8540,905.6666666666667
8541,908.6666768391927
8542,802.5000101725261
8543,563.4166768391927
8544,411.25
8545,366.33333333333337
8546,283.6666717529297
8547,181.08333587646484
8548,123.33333587646484
8549,136.5
8550,303.50000508626306
8551,664.3333333333334
8552,1129.2500101725261
8553,752.9166666666667
8554,552.7500101725261
8555,584.7500101725261
8556,689.75
8557,735.0833536783855
8558,745.0
8559,740.0833435058594
8560,768.5000203450521
8561,1056.3333536783855
8562,1513.9166768391929
8563,965.3333333333334
8564,683.75
8565,727.5833333333334
8566,630.5000101725261
8567,455.1666666666667
8568,431.00000508626306
8569,359.0833384195964
8570,276.58333587646484
8571,183.16666666666669
8572,132.83333587646484
8573,130.83333587646484
8574,298.4166717529297
8575,647.5000101725261
8576,1141.6666768391929
8577,722.2500101725261
8578,533.0833435058594
8579,625.25
8580,702.3333384195964
8581,723.5833384195964
8582,807.3333536783855
8583,855.6666666666667
8584,859.0000203450521
8585,1090.9166666666667
8586,1493.3333333333335
8587,962.0833333333334
8588,760.5000050862631
8589,735.0833384195964
8590,679.9166666666667
8591,560.5000050862631
8592,535.7500050862631
8593,459.66667683919275
8594,359.25
8595,238.75000254313153
8596,159.75000127156576
8597,133.5
8598,135.16666793823242
8599,25.50000031789144
8600,6.583333333333334
8601,7.333333373069763
8602,11.25
8603,79.33333333333334
8604,92.00000127156576
8605,212.8333346048991
8606,239.75000508626303
8607,264.4166692097982
8608,245.08333587646484
8609,267.50000254313153
8610,291.4166692097982
8611,244.9166692097982
8612,236.0
8613,251.08333841959637
8614,231.9166692097982
8615,223.0
8616,232.08333841959637
8617,189.75000127156576
8618,152.16666793823242
8619,94.50000127156576
8620,41.58333396911621
8621,18.583333651224773
8622,15.0
8623,14.166666746139526
8624,173.75000127156576
8625,216.83333841959637
8626,290.75000254313153
8627,356.6666717529297
8628,435.75000508626306
8629,587.3333384195964
8630,710.1666666666667
8631,657.7500101725261
8632,641.1666717529297
8633,628.6666768391927
8634,576.5833384195964
8635,534.5000101725261
8636,457.3333384195964
8637,521.75
8638,488.6666666666667
8639,408.75
8640,338.6666692097982
8641,246.58333841959637
8642,158.0833346048991
8643,102.75000254313152
8644,77.00000063578288
8645,117.16666666666667
8646,241.08333587646484
8647,539.1666666666667
8648,1246.0833333333335
8649,816.4166870117188
8650,597.6666717529297
8651,670.6666717529297
8652,752.5833333333334
8653,926.1666768391927
8654,934.3333435058594
8655,1017.9166666666667
8656,1071.4166870117188
8657,1378.9166768391929
8658,1788.5
8659,1150.9166870117188
8660,929.5833536783855
8661,887.8333333333334
8662,763.2500203450521
8663,604.9166717529297
8664,477.0833384195964
8665,344.5
8666,240.25000254313153
8667,150.83333587646484
8668,105.25000127156576
8669,138.25000254313153
8670,319.75000254313153
8671,775.5833333333334
8672,1457.8333536783855
8673,816.0833435058594
8674,638.75
8675,656.3333384195964
8676,742.0000050862631
8677,844.5833333333334
8678,846.9166666666667
8679,953.0833435058594
8680,1009.0833333333334
8681,1383.4166870117188
8682,1997.0833740234375
8683,1311.6666768391929
8684,930.0833435058594
8685,947.6666870117188
8686,798.1666666666667
8687,613.8333384195964
8688,311.75
8689,282.75000508626306
8690,247.50000254313153
8691,104.83333396911621
8692,93.75000127156576
8693,124.0833346048991
8694,275.50000254313153
8695,555.5000050862631
8696,1254.9166666666667
8697,565.6666666666667
8698,395.1666717529297
8699,613.9166717529297
8700,708.5833435058594
8701,788.3333384195964
8702,834.0000101725261
8703,929.3333333333334
8704,857.4166870117188
8705,1216.3333435058594
8706,1635.9166666666667
8707,1115.7500203450522
8708,877.75
8709,855.0
8710,736.0000101725261
8711,560.9166717529297
8712,438.6666717529297
8713,381.33333333333337
8714,288.0833384195964
8715,187.5833346048991
8716,133.33333587646484
8717,151.83333587646484
8718,321.83333587646484
8719,714.9166768391927
8720,1309.8333333333335
8721,696.1666768391927
8722,611.5833333333334
8723,569.1666768391927
8724,604.0
8725,656.7500101725261
8726,717.6666768391927
8727,742.9166870117188
8728,818.0000203450521
8729,1007.9166870117188
8730,1466.0
8731,1024.0000101725261
8732,814.5833536783855
8733,788.8333435058594
8734,687.7500050862631
8735,525.5000050862631
8736,477.50000508626306
8737,390.33333587646484
8738,302.75
8739,193.58333333333334
8740,139.83333333333334
8741,138.75000127156576
8742,310.33333587646484
8743,697.2500101725261
8744,1276.1666768391929
8745,720.8333435058594
8746,558.5000101725261
8747,657.8333333333334
8748,734.5
8749,844.0
8750,829.4166768391927
8751,829.9166768391927
8752,828.5000203450521
8753,1148.2500203450522
8754,1574.0
8755,998.5833435058594
8756,779.3333384195964
8757,718.9166717529297
8758,678.9166717529297
8759,313.33333587646484
